{"cameraMode":{"drawMode":0,"name":"Shaded","section":"Shading Mode"},"sceneLighting":false,"audioPlay":false,"sceneViewState":{"m_AlwaysRefresh":false,"showFog":true,"showSkybox":false,"showFlares":true,"showImageEffects":true,"showParticleSystems":true,"showVisualEffectGraphs":true,"m_FxEnabled":true},"in2DMode":false,"pivot":{"x":-0.22462821006774903,"y":-0.16673436760902406,"z":0.12484246492385864},"rotation":{"x":0.07318809628486633,"y":-0.5891265273094177,"z":0.05369514599442482,"w":0.8029302954673767},"size":0.5511960983276367,"orthographic":false}