{"cameraMode":{"drawMode":0,"name":"Shaded","section":"Shading Mode"},"sceneLighting":false,"audioPlay":false,"sceneViewState":{"m_AlwaysRefresh":false,"showFog":true,"showSkybox":false,"showFlares":true,"showImageEffects":true,"showParticleSystems":true,"showVisualEffectGraphs":true,"m_FxEnabled":true},"in2DMode":false,"pivot":{"x":-0.7483726143836975,"y":0.39424192905426028,"z":0.8703610897064209},"rotation":{"x":0.5159614682197571,"y":-0.025690263137221338,"z":0.015483778901398182,"w":0.856090784072876},"size":3.7574894428253176,"orthographic":true}