{"cameraMode":{"drawMode":0,"name":"Shaded","section":"Shading Mode"},"sceneLighting":true,"audioPlay":false,"sceneViewState":{"m_AlwaysRefresh":false,"showFog":true,"showSkybox":true,"showFlares":true,"showImageEffects":true,"showParticleSystems":true,"showVisualEffectGraphs":true,"m_FxEnabled":true},"in2DMode":false,"pivot":{"x":0.9660181999206543,"y":1.5483996868133546,"z":1.1081116199493409},"rotation":{"x":0.37127992510795596,"y":0.008359341882169247,"z":-0.0033371972385793926,"w":0.9284901022911072},"size":5.234696865081787,"orthographic":true}