{"cameraMode":{"drawMode":0,"name":"Shaded","section":"Shading Mode"},"sceneLighting":true,"audioPlay":false,"sceneViewState":{"m_AlwaysRefresh":false,"showFog":true,"showSkybox":true,"showFlares":true,"showImageEffects":true,"showParticleSystems":true,"showVisualEffectGraphs":true,"m_FxEnabled":true},"in2DMode":false,"pivot":{"x":-3.011716842651367,"y":-0.9231176376342773,"z":-1.5380470752716065},"rotation":{"x":0.44976359605789187,"y":0.0868428573012352,"z":-0.043987274169921878,"w":0.8878402709960938},"size":6.6652655601501469,"orthographic":true}