{"cameraMode":{"drawMode":0,"name":"Shaded","section":"Shading Mode"},"sceneLighting":true,"audioPlay":false,"sceneViewState":{"m_AlwaysRefresh":false,"showFog":true,"showSkybox":true,"showFlares":true,"showImageEffects":true,"showParticleSystems":true,"showVisualEffectGraphs":true,"m_FxEnabled":true},"in2DMode":false,"pivot":{"x":-1.880140781402588,"y":-0.1855173110961914,"z":-0.3831307888031006},"rotation":{"x":0.44976359605789187,"y":0.0868428573012352,"z":-0.043987274169921878,"w":0.8878402709960938},"size":3.9489667415618898,"orthographic":true}