{"cameraMode":{"drawMode":0,"name":"Shaded","section":"Shading Mode"},"sceneLighting":true,"audioPlay":false,"sceneViewState":{"m_AlwaysRefresh":false,"showFog":true,"showSkybox":false,"showFlares":true,"showImageEffects":true,"showParticleSystems":true,"showVisualEffectGraphs":true,"m_FxEnabled":true},"in2DMode":false,"pivot":{"x":3.4874536991119386,"y":1.2191517353057862,"z":0.9628695249557495},"rotation":{"x":0.38170599937438967,"y":-0.49008581042289736,"z":0.2518377900123596,"w":0.7422364354133606},"size":2.25972318649292,"orthographic":true}