{"cameraMode":{"drawMode":0,"name":"Shaded","section":"Shading Mode"},"sceneLighting":false,"audioPlay":false,"sceneViewState":{"m_AlwaysRefresh":false,"showFog":true,"showSkybox":false,"showFlares":true,"showImageEffects":true,"showParticleSystems":true,"showVisualEffectGraphs":true,"m_FxEnabled":true},"in2DMode":false,"pivot":{"x":1.7866878509521485,"y":0.3293052613735199,"z":0.08839631080627442},"rotation":{"x":0.5159614682197571,"y":-0.025690263137221338,"z":0.015483778901398182,"w":0.856090784072876},"size":3.785759210586548,"orthographic":true}