{"cameraMode":{"drawMode":0,"name":"Shaded","section":"Shading Mode"},"sceneLighting":false,"audioPlay":false,"sceneViewState":{"m_AlwaysRefresh":false,"showFog":true,"showSkybox":false,"showFlares":true,"showImageEffects":true,"showParticleSystems":true,"showVisualEffectGraphs":true,"m_FxEnabled":true},"in2DMode":false,"pivot":{"x":0.000544864684343338,"y":-0.3121306896209717,"z":0.5532419085502625},"rotation":{"x":0.21927368640899659,"y":-0.052656400948762897,"z":0.011852272786200047,"w":0.9741703867912293},"size":0.5343046188354492,"orthographic":false}